Company,Address1,City,State,Postcode,Phone,Email,Full Address
Meal Machine Vending Pty Ltd,16 waterway boulevard weir views,Melbourne,VIC,3338,'+61423489240,accounts@mealmachine.com.au,"16 waterway boulevard weir views, Melbourne, VIC 3338, Australia"
Blake family grocer,601 la Trobe street,Redan,VIC,3350,'+61419561368,ballarat@maxifoods.net.au,"601 la Trobe street, Redan, VIC 3350, Australia"
IGA Creswick ,48 Albert street ,Creswick,VIC,3363,'+61409389098,office@igacreswick.com.au,"48 Albert street , Creswick, VIC 3363, Australia"
Sydney mart pty ltd ,4/115 Bathurst Street,Sydney,NSW,2000,'+61451320617,sydneymartsydney@outlook.com,"4/115 Bathurst Street, Sydney, NSW 2000, Australia"
Ryde mart pty ltd,1/1Network place,North Ryde,NSW,2113,'+61449799917,rydemart@outlook.com,"1/1Network place, North Ryde, NSW 2113, Australia"
Artarmonmart@outlook.com,2/66 Hamdon road,Artarmon,NSW,2064,'+61415819786,artarmonmart@outlook.com,"2/66 Hamdon road, Artarmon, NSW 2064, Australia"
Milsons Point Mart pty ltd,1/30 Alfred Street,Milsons Point,NSW,2061,'+61452417070,milsonspointmart@outlook.com,"1/30 Alfred Street, Milsons Point, NSW 2061, Australia"
IGA Merrylands,Shop 7/530 Merrylands road,Merrylands,NSW,2160,'+61488666842,admin@igamerrylands.com.au,"Shop 7/530 Merrylands road, Merrylands, NSW 2160, Australia"
Geelong Fresh Foods,171 Pakington Street,Geelong West,VIC,3218,'+61401185966,carmel__@hotmail.com,"171 Pakington Street, Geelong West, VIC 3218, Australia"
Lisa Pitkethly PTY LTD,101A Liebig Street,Warrnambool,VIC,3280,'+61438626097,lisa@darriwillfarmwarrnambool.com.au,"101A Liebig Street, Warrnambool, VIC 3280, Australia"
Hardknocks Boxing Gym,7 chomley street Mickleham,Melbourne,VIC,3064,'+61415881691,hardknocksboxinggym@outlook.com,"7 chomley street Mickleham, Melbourne, VIC 3064, Australia"
Apollo Bay IGA,103-109 Great Ocean Rd,Apollo Bay,VIC,3233,'+61352376251,apollobay.iga@gmail.com,"103-109 Great Ocean Rd, Apollo Bay, VIC 3233, Australia"
Maloneys Grocer,68 Moncur St,Woollahra,NSW,2025,'+61293273764,woollahra@maloneysgrocer.com.au,"68 Moncur St, Woollahra, NSW 2025, Australia"
Maloneys Grocer,4/490 Crown St,Sydney,NSW,2010,'+61293313811,surryhills@maloneysgrocer.com.au,"4/490 Crown St, Sydney, NSW 2010, Australia"
Maloneys Grocer,731 Darling St,Sydney,NSW,2039,'+61272054433,rozelle@maloneysgrocer.com.au,"731 Darling St, Sydney, NSW 2039, Australia"
Maloneys Grocer,214 Coogee Bay rd,Sydney,NSW,2034,'+61296645655,coogee@maloneysgrocer.com.au,"214 Coogee Bay rd, Sydney, NSW 2034, Australia"
,221 Timor Street,Warrnambool,VIC,3280,'+61355621033,swintons_supermarket@yahoo.com.au,"221 Timor Street, Warrnambool, VIC 3280, Australia"
Country Grocers Smythesdale Pty Ltd,40 Brooke st,Smythesdale,VIC,3351,'+61353428778,smythesdale@countrygrocers.com.au,"40 Brooke st, Smythesdale, VIC 3351, Australia"
Country Grocers (Skipton) Pty Ltd,15 Montgomery st,Skipton,VIC,3361,'+61353402020,skipton@countrygrocers.com.au,"15 Montgomery st, Skipton, VIC 3361, Australia"
Country Grocers (Avoca) Pty Ltd,172 High St,Avoca,VIC,3467,'+61354653095,avoca@countrygrocers.com.au,"172 High St, Avoca, VIC 3467, Australia"
Grenville Trading PTY LTD,28 High st,Trentham,VIC,3458,'+61354241691,trentham@countrygrocers.com.au,"28 High st, Trentham, VIC 3458, Australia"
Dandaloo Supermarket Pty Ltd,13 Murray Road ,East Corrimal,NSW,2518,'+61242846319,eastcorrimal@stores.foodworks.com.au,"13 Murray Road , East Corrimal, NSW 2518, Australia"
FWLT PTY LTD,"Shops 5, 6 & 7, 60 Isa Road ",Worrigee,NSW,2540,'+61244132466,info@foodworksworrigee.com.au,"Shops 5, 6 & 7, 60 Isa Road , Worrigee, NSW 2540, Australia"
JN Stevenson Family Trust T/as Pulse Gymnastics,8 View Rd ,Epping,VIC,3076,'+61390125233,accounts@pulsegymnastics.com.au,"8 View Rd , Epping, VIC 3076, Australia"
Foodworks Kiama Downs,Foodworks Shop 8 41-43 Meehan Drive,Kiama Downs,NSW,2533,'+61413511100,foodworkskiamadowns@gmail.com,"Foodworks Shop 8 41-43 Meehan Drive, Kiama Downs, NSW 2533, Australia"
Dandaloo supermarket pty ltd,10/41 Brownsville Avenue,Brownsville,NSW,2530,'+61242614535,foodworksdandaloo@bigpond.com,"10/41 Brownsville Avenue, Brownsville, NSW 2530, Australia"
Nord Fine Food Pty Ltd,26 ,North Melbourne,VIC,3051,'+61393292500,operations-iganorthmelb@outlook.com,"26 , North Melbourne, VIC 3051, Australia"
Lbnd pty ltd,1087 mt Alexander rd essendon,Essendon,VIC,3040,'+61404145676,andyplacecafe@gmail.com,"1087 mt Alexander rd essendon, Essendon, VIC 3040, Australia"
IGA local grocer ,50 Pemberton street,Botany,NSW,2019,'+61421873925,pembertonfoods@gmail.com,"50 Pemberton street, Botany, NSW 2019, Australia"
North Bondi Grocer ,294a Campbell parade ,North bondi,NSW,2026,'+61412442968,northbondigrocer@optusnet.com.au,"294a Campbell parade , North bondi, NSW 2026, Australia"
IGA local grocer Newtown ,40 king street,Newtown,NSW,2042,'+61282034525,tfb.newtown@gmail.com,"40 king street, Newtown, NSW 2042, Australia"
IGA Lilyfield,402 Catherine street,Lilyfield,NSW,2040,'+61295606721,igalilyfield@outlook.com,"402 Catherine street, Lilyfield, NSW 2040, Australia"
,5/74 Hawkesbury rd,Westmead,NSW,2145,,sales@creativeind.com.au,"5/74 Hawkesbury rd, Westmead, NSW 2145, Australia"
Trinity one,231 St George road,Northcote,VIC,3070,'+61416529827,iganorthcote@gmail.com,"231 St George road, Northcote, VIC 3070, Australia"
IGA x-press Preston,392-398 Gilbert road,Preston,VIC,3072,'+61433334684,igapreston@gmail.com,"392-398 Gilbert road, Preston, VIC 3072, Australia"
St Paul enterprises ,1/9 logon street Brunswick ,Brunswick,VIC,3056,'+61393889090,Igaxpprinceshill@gmail.com,"1/9 logon street Brunswick , Brunswick, VIC 3056, Australia"
,"1 Linmax Court, Point Cook",Melbourne,VIC,3030,'+61433499388,adam@phg.fit,"1 Linmax Court, Point Cook, Melbourne, VIC 3030, Australia"
Food and liquor pty ltd ,63 the circle,Altona North,VIC,3025,'+61433666908,iga.altonanorth@outlook.com,"63 the circle, Altona North, VIC 3025, Australia"
Altona fresh center,62-76 second avenue ,Altona north,VIC,3025,'+61407890033,dcnkoota@gmail.com,"62-76 second avenue , Altona north, VIC 3025, Australia"
Franklin street IGA ,58 Franklin street ,Melbourne,VIC,3000,'+61392420049,manager@franklinstiga.com.au,"58 Franklin street , Melbourne, VIC 3000, Australia"
St Stephen Enterprises Pty Ltd,326-328 Lygon Street,Brunswick East,VIC,3057,'+61399394453,igaxpbrunswickeast@gmail.com,"326-328 Lygon Street, Brunswick East, VIC 3057, Australia"
IGA northcote,284 high street,Northcote,VIC,3070,'+61394813411,northcoteiga@hotmail.com,"284 high street, Northcote, VIC 3070, Australia"
VL MERBIN PTY LTD,109 Miller street ,Epping,VIC,3076,'+61411267580,atomicgyminfo@gmail.com,"109 Miller street , Epping, VIC 3076, Australia"
VIJ ENTERPRISES PTY LTD ,TG02 181 William Street,Melbourne,VIC,3000,'+61400969869,cbwexpress@outlook.com,"TG02 181 William Street, Melbourne, VIC 3000, Australia"
KF FITNESS,2/15 Oxford Street,Hadfield,VIC,3046,'+61431445533,info@kffitness.com.au,"2/15 Oxford Street, Hadfield, VIC 3046, Australia"
E and b ventures pty ltd ,182 City Rd ,Southbank,VIC,3006,'+61396861561,foodworks180@gmail.com,"182 City Rd , Southbank, VIC 3006, Australia"
Equilibrium Health and Fitness,"855 Plenty Road, South Morang",Melbourne,VIC,3752,'+61422428652,info@coachdan.com.au,"855 Plenty Road, South Morang, Melbourne, VIC 3752, Australia"
Silverback Strength Gym & Supplements,14-18 High St Bendigo,Bendigo,VIC,3550,'+61447945463,brad@silverbackbendigo.com.au,"14-18 High St Bendigo, Bendigo, VIC 3550, Australia"
Iga yarraville,12-14 Anderson St,Yarraville,VIC,3013,'+61449753201,yarraville.iga@gmail.com,"12-14 Anderson St, Yarraville, VIC 3013, Australia"
VIJ ENTERPRISES PTY LTD,Shop P10,Southbank,VIC,3006,'+61402433631,sgexpress@outlook.com.au,"Shop P10, Southbank, VIC 3006, Australia"
,324-328 Hampshire Road,Sunshine,VIC,3020,'+61403129973,john.papayianis@gmail.com,"324-328 Hampshire Road, Sunshine, VIC 3020, Australia"
Richmond iga local plus liquor,518,Richmond,VIC,3121,'+61422113415,richmondigaxpress@gmail.com,"518, Richmond, VIC 3121, Australia"
MAXI IGA Castlemaine,11 Hargraves Street,Castlemaine,VIC,3450,'+61354722477,renae@maxifoods.net.au,"11 Hargraves Street, Castlemaine, VIC 3450, Australia"
Country Fresh Grocers Ballan,135 Inglis St,Ballan,VIC,3342,'+61457100678,fresh@countrygrocers.com.au,"135 Inglis St, Ballan, VIC 3342, Australia"
,100 Cookes Road,Doreen,VIC,3754,,doreen@mannafoods.com.au,"100 Cookes Road, Doreen, VIC 3754, Australia"
Hala N Easy Meal Prep Cafe,2 Motto Dr,Coolaroo,VIC,3048,'+61432526283,nadia.elnahi@gmail.com,"2 Motto Dr, Coolaroo, VIC 3048, Australia"
IGA Local Grocer (Caroline Springs),"1-7, Caroline Springs",Caroline Springs,VIC,3023,'+61401940000,igaspringlakes@outlook.com,"1-7, Caroline Springs, Caroline Springs, VIC 3023, Australia"
Pramukh Krupp retailing pty ltd,"Shop 1, 18 Rakaia way",Docklands,VIC,3008,'+61430038537,omigaxpress@gmail.com,"Shop 1, 18 Rakaia way, Docklands, VIC 3008, Australia"
Foodworks Werribee,92 /94 Cottrell Street,Werribee,VIC,3030,'+61397427866,accounts@mannafoods.com.au,"92 /94 Cottrell Street, Werribee, VIC 3030, Australia"
Thomastown Super IGA,122 Main St,Thomastown,VIC,3074,'+61448127962,thomastown.iga@gmail.com,"122 Main St, Thomastown, VIC 3074, Australia"
Foodworks Bacchus Marsh,1-9 Bennett St,Bacchus Marsh,VIC,3340,'+61353673388,bmfwdairy@gmail.com,"1-9 Bennett St, Bacchus Marsh, VIC 3340, Australia"
Sculli's IGA,1 Lloyd St Strathmore ,Melbourne,VIC,3041,'+61393796823,strathmore.grocer@gmail.com,"1 Lloyd St Strathmore , Melbourne, VIC 3041, Australia"
Buninyong Foodworks,310-312 Learmonth st,Buninyong,VIC,3357,'+61353413263,buninyong@stores.foodworks.com.au,"310-312 Learmonth st, Buninyong, VIC 3357, Australia"
Next level fitness py ltd,1535 centre Rd ,Clayton,VIC,3168,'+61412699077,nick@nextlevelfitness.com.au,"1535 centre Rd , Clayton, VIC 3168, Australia"
The Grocers Club,547 Queensberry Street,North Melbourne,VIC,3051,'+61410833411,admin@thegrocersclub.com.au,"547 Queensberry Street, North Melbourne, VIC 3051, Australia"
D and r retail pty ltd,"Shop 11,1 budding street",Diggers rest,VIC,3427,'+61433370548,fwbuddingst@gmail.com,"Shop 11,1 budding street, Diggers rest, VIC 3427, Australia"
,16 Melba Avenue,Sunbury,VIC,3429,'+61397445179,foodworksmelba@gmail.com,"16 Melba Avenue, Sunbury, VIC 3429, Australia"
,595 melton hwy ,Hillside,VIC,3037,'+61421959695,lucaapinqiu@gmail.com,"595 melton hwy , Hillside, VIC 3037, Australia"
,399 Melton hwy ,Taylors Lakes,VIC,3038,'+61383615722,watergardens@anytimefitness.com.au,"399 Melton hwy , Taylors Lakes, VIC 3038, Australia"
Form Fitness and Lifestyle,112 Grove road,Grovedale,VIC,3216,'+61477445434,jackharders1@gmail.com,"112 Grove road, Grovedale, VIC 3216, Australia"
,50 Mt Alexander Rd,Travancore,VIC,3032,'+61403231174,treislaiga@gmail.com,"50 Mt Alexander Rd, Travancore, VIC 3032, Australia"
,2 Harrington Square,Altona,VIC,3018,'+61423104259,altona@mannafoods.com.au,"2 Harrington Square, Altona, VIC 3018, Australia"
Battstar Pty Ltd,Pick up Friday,Moonee Ponds,VIC,3039,'+61407772099,fredbatt@bigpond.com,"Pick up Friday, Moonee Ponds, VIC 3039, Australia"
,55 Dinah Parade,Keilor East,VIC,3033,'+61424189583,cherryronmc@hotmail.com,"55 Dinah Parade, Keilor East, VIC 3033, Australia"
,18 Macaulay Street Williamstown North,Melbourne,VIC,3016,'+61422288637,taylah@theperformanceclub.com.au,"18 Macaulay Street Williamstown North, Melbourne, VIC 3016, Australia"
Heavyset Gym,503/122-130 Beresford Rd,Lilydale,VIC,3140,'+61466334014,admin@heavysetgym.com.au,"503/122-130 Beresford Rd, Lilydale, VIC 3140, Australia"
KDP Fitness,24/39 Eucumbene drive Ravenhall,CAROLINE SPRINGS,VIC,3023,'+61419880659,danny@kdpfitness.com.au,"24/39 Eucumbene drive Ravenhall, CAROLINE SPRINGS, VIC 3023, Australia"
,355 Palmers Rd,Truganina,VIC,3029,'+61420717508,manager@sunshinefitness.com.au,"355 Palmers Rd, Truganina, VIC 3029, Australia"
,87/150 Palmers Road,Truganina,VIC,3029,'+61413550597,athletesperformancehq@gmail.com,"87/150 Palmers Road, Truganina, VIC 3029, Australia"
Trolley Convenience Store,Shop 88B/ 90 Lorimer Street,Docklands,VIC,3008,'+61439333339,maamoun@trolleyconveniencestore.com.au,"Shop 88B/ 90 Lorimer Street, Docklands, VIC 3008, Australia"
The Staff shop (Crown Casino),Shop 66/ 8 Whiteman Street,Southbank,VIC,3006,,mderbas@smokva.com.au,"Shop 66/ 8 Whiteman Street, Southbank, VIC 3006, Australia"
Melbourne Muscle Health  Fitness,379 Bayswater Road,BAYSWATER NORTH,VIC,3153,'+61481725488,info@melbournemusclegym.com.au,"379 Bayswater Road, BAYSWATER NORTH, VIC 3153, Australia"
D2E Gym,6 Raydon Court,Delacombe,VIC,3356,'+61403361669,accounts@d2egym.com.au,"6 Raydon Court, Delacombe, VIC 3356, Australia"
Powerhouse Gym South Morang,"Showroom 5 & 6 20 Murdoch Rd, South Morang",South Morang,VIC,3752,,adamadelinis@outlook.com,"Showroom 5 & 6 20 Murdoch Rd, South Morang, South Morang, VIC 3752, Australia"
Shape it fitness,33 Griffith st,Maddingley,VIC,3340,,countryshack4@bigpond.com,"33 Griffith st, Maddingley, VIC 3340, Australia"
"Powerhouse Gym, Bayswater North",5/193 Canterbury Rd,Bayswater North,VIC,3153,'+61450569466,brookekitanovski@hotmail.com,"5/193 Canterbury Rd, Bayswater North, VIC 3153, Australia"
Powercore Fitness,302 Hume Highway,Craigieburn,VIC,3064,'+61401917963,powercorefitness@outlook.com,"302 Hume Highway, Craigieburn, VIC 3064, Australia"
hammerhouse coburg,98 Gaffney street,Coburg North,VIC,3058,'+61428717831,manager@hammerhousecoburg.com.au,"98 Gaffney street, Coburg North, VIC 3058, Australia"
Bodytek Boutique Health & Fitness Club,151A Anderson Road,Sunshine,VIC,3020,'+61421867161,bodytekfitness@live.com.au,"151A Anderson Road, Sunshine, VIC 3020, Australia"
Ironhubsupps,49 rainier crescent,clyde north,VIC,3978,'+61484740480,ironhubsupps@gmail.com,"49 rainier crescent, clyde north, VIC 3978, Australia"
WSG TEST DO NOT PROCESS,5/74 Hawkesbury Rd,Westmead,NSW,2145,'+61286770627,install@wholesalegorilla.net,"5/74 Hawkesbury Rd, Westmead, NSW 2145, Australia"
,"223 Bridge Road,",Cobblebank,VIC,3338,'+61468430556,pwrnutritionmelton@outlook.com,"223 Bridge Road,, Cobblebank, VIC 3338, Australia"
,a1/1042 Western Hwy,Caroline Springs,VIC,3023,'+61415495782,,"a1/1042 Western Hwy, Caroline Springs, VIC 3023, Australia"
,65 Reserve Road,Melton,VIC,3337,'+61424917723,info@micksgym247.com.au,"65 Reserve Road, Melton, VIC 3337, Australia" 
